Mean RR Interval (s),SDNN (s),RMSSD (s),pNN50 (%),Heart Rate (bpm),Number of R-peaks detected
0.584,0.04436214602563766,0.0348209706929603,4.166666666666666,89.73972602739727,26
